antecedent,consequent,support,confidence,lift,freq_xy
fresh dips tapenades,chips pretzels,0.03500883704929027,0.3574005271347369,2.135476984142351,112549
chips pretzels,fresh dips tapenades,0.03500883704929027,0.20917866674596508,2.135476984142351,112549
cookies cakes,chips pretzels,0.020265490964809195,0.34332282916855494,2.0513623908106076,65151
chips pretzels,cookies cakes,0.020265490964809195,0.12108680945336138,2.0513623908106076,65151
lunch meat,bread,0.03384704968219594,0.3256431972371772,1.9860448734079759,108814
bread,lunch meat,0.03384704968219594,0.2064276486400862,1.9860448734079756,108814
packaged cheese,pasta sauce,0.027282562240386405,0.11886450584700617,1.917584940562669,87710
pasta sauce,packaged cheese,0.027282562240386405,0.44013669277746276,1.9175849405626688,87710
packaged cheese,tortillas flat bread,0.024653843354358523,0.10741171894798611,1.9101824497786648,79259
tortillas flat bread,packaged cheese,0.024653843354358523,0.4384376244634243,1.9101824497786646,79259
fresh vegetables,fresh herbs,0.07886623239355571,0.17759841303530113,1.900881998203682,253545
fresh herbs,fresh vegetables,0.07886623239355571,0.844125794036569,1.900881998203682,253545
packaged cheese,lunch meat,0.04476442933688848,0.19502940104269012,1.876382086684515,143912
lunch meat,packaged cheese,0.04476442933688848,0.43067954308082274,1.876382086684515,143912
packaged cheese,dry pasta,0.03009449203919034,0.131115504967482,1.8559916337542488,96750
dry pasta,packaged cheese,0.03009449203919034,0.4259993923729597,1.8559916337542488,96750
fresh dips tapenades,crackers,0.02072709536983409,0.2116001397224604,1.845659896277047,66635
crackers,fresh dips tapenades,0.02072709536983409,0.18078990278829118,1.8456598962770467,66635
crackers,chips pretzels,0.03534664189016428,0.30830735504385787,1.8421440673750262,113635
chips pretzels,crackers,0.03534664189016428,0.21119705902031774,1.842144067375026,113635
packaged cheese,other creams cheeses,0.0364477736919083,0.15879544490506153,1.8351691248246274,117175
other creams cheeses,packaged cheese,0.0364477736919083,0.4212200733338126,1.8351691248246271,117175
refrigerated,juice nectars,0.021940517731021496,0.16422434867639868,1.833368366918734,70536
juice nectars,refrigerated,0.021940517731021496,0.24493962975695638,1.8333683669187337,70536
yogurt,baby food formula,0.021924342913594748,0.08320809934351024,1.8027303769096434,70484
baby food formula,yogurt,0.021924342913594748,0.47499797827317575,1.8027303769096432,70484
breakfast bakery,bread,0.020289442136768036,0.29532170361885446,1.801119017545916,65228
bread,breakfast bakery,0.020289442136768036,0.12374200622617992,1.801119017545916,65228
spreads,bread,0.022713487371511295,0.29194620139294253,1.7805323787098315,73021
bread,spreads,0.022713487371511295,0.13852586368801564,1.7805323787098313,73021
energy granola bars,chips pretzels,0.025734756634319105,0.2974427559131551,1.7772278190092197,82734
chips pretzels,energy granola bars,0.025734756634319105,0.15376580702236958,1.7772278190092194,82734
packaged cheese,instant foods,0.020993979857375437,0.09146644730511899,1.7763158571809832,67493
instant foods,packaged cheese,0.020993979857375437,0.4077116847185894,1.7763158571809832,67493
hot dogs bacon sausage,eggs,0.02022629813796746,0.24059897211234982,1.7563074859124872,65025
eggs,hot dogs bacon sausage,0.02022629813796746,0.14764651120546762,1.7563074859124872,65025
fresh vegetables,canned jarred vegetables,0.05602707913280583,0.12616705577281526,1.7145576439033585,180120
canned jarred vegetables,fresh vegetables,0.05602707913280583,0.7613846277407437,1.7145576439033585,180120
lunch meat,crackers,0.020314326471270724,0.19544457445885244,1.704744682573326,65308
crackers,lunch meat,0.020314326471270724,0.17718956961503296,1.704744682573326,65308
poultry counter,fresh vegetables,0.028816992516658507,0.7455457018235664,1.6788900581483144,92643
fresh vegetables,poultry counter,0.028816992516658507,0.06489281894270998,1.6788900581483142,92643
packaged cheese,canned meals beans,0.026606641504457094,0.1159196583814316,1.6645692633590308,85537
canned meals beans,packaged cheese,0.026606641504457094,0.38206287240599957,1.6645692633590308,85537
cereal,bread,0.02515339636950002,0.27199157772941773,1.6588323758724792,80865
bread,cereal,0.02515339636950002,0.15340647166063714,1.6588323758724792,80865
grains rice dried goods,fresh vegetables,0.029778149936824896,0.730897846999542,1.6459046385058924,95733
fresh vegetables,grains rice dried goods,0.029778149936824896,0.06705724378358273,1.6459046385058922,95733
packaged cheese,canned jarred vegetables,0.027629387652517642,0.12037555275179937,1.6358535343911849,88825
canned jarred vegetables,packaged cheese,0.027629387652517642,0.37547184965063046,1.6358535343911849,88825
tofu meat alternatives,fresh vegetables,0.023917578107260192,0.725054219707685,1.632745407972035,76892
fresh vegetables,tofu meat alternatives,0.023917578107260192,0.05385985594316739,1.632745407972035,76892
packaged cheese,crackers,0.04278488052719951,0.186404914493718,1.625897202153355,137548
crackers,packaged cheese,0.04278488052719951,0.373186606869121,1.6258972021533549,137548
packaged cheese,frozen breakfast,0.02293900165294192,0.0999405067631207,1.6240365184624839,73746
frozen breakfast,packaged cheese,0.02293900165294192,0.37275953052497496,1.6240365184624839,73746
eggs,bread,0.03646985853877944,0.2662201130764515,1.6236331520492022,117246
bread,eggs,0.03646985853877944,0.22242373309000263,1.623633152049202,117246
bread,hot dogs bacon sausage,0.022360440875754384,0.1363726905558222,1.6222014007761267,71886
hot dogs bacon sausage,bread,0.022360440875754384,0.26598535500604964,1.6222014007761265,71886
cereal,chips pretzels,0.025062879602746484,0.27101279149162316,1.6193081282735509,80574
chips pretzels,cereal,0.025062879602746484,0.14975132515072892,1.6193081282735504,80574
packaged cheese,hot dogs bacon sausage,0.031224862933975018,0.13604029819799188,1.618247476084299,100384
hot dogs bacon sausage,packaged cheese,0.031224862933975018,0.37143079148829106,1.618247476084299,100384
canned meals beans,fresh vegetables,0.04989277962371154,0.7164443769485711,1.6133569528107479,160399
fresh vegetables,canned meals beans,0.04989277962371154,0.11235326215247497,1.6133569528107476,160399
lunch meat,chips pretzels,0.02786298934266164,0.26807042325176345,1.6017274053085757,89576
chips pretzels,lunch meat,0.02786298934266164,0.16648205006207578,1.6017274053085755,89576
cereal,milk,0.03613423107717441,0.3907307934222874,1.5981819912704445,116167
milk,cereal,0.03613423107717441,0.14779760988413293,1.5981819912704442,116167
yogurt,frozen breakfast,0.02590272589221226,0.09830700960120697,1.5974921359125682,83274
frozen breakfast,yogurt,0.02590272589221226,0.4209201467867649,1.597492135912568,83274
other creams cheeses,bread,0.022464332972303113,0.25961607592206487,1.583356204010541,72220
bread,other creams cheeses,0.022464332972303113,0.13700631154802714,1.583356204010541,72220
frozen produce,soy lactosefree,0.03298667381676545,0.2679718908483536,1.578658170065657,106048
soy lactosefree,frozen produce,0.03298667381676545,0.1943288975543966,1.5786581700656568,106048
packaged cheese,bread,0.059360024685259825,0.2586194045526556,1.5772776675003919,190835
bread,packaged cheese,0.059360024685259825,0.36202713187853447,1.5772776675003919,190835
packaged cheese,breakfast bakery,0.024823056828976814,0.10814894721364306,1.5741552242010655,79803
breakfast bakery,packaged cheese,0.024823056828976814,0.36131044818015945,1.5741552242010655,79803
lunch meat,eggs,0.022292631064234555,0.21447788574626442,1.5656306134298406,71668
eggs,lunch meat,0.022292631064234555,0.1627301832383461,1.5656306134298406,71668
spices seasonings,fresh vegetables,0.03606890969910485,0.6927231126749626,1.5599391748552727,115957
fresh vegetables,spices seasonings,0.03606890969910485,0.08122336934403918,1.5599391748552722,115957
packaged cheese,butter,0.026725153147526156,0.11643598920719503,1.5583778485967783,85918
butter,packaged cheese,0.026725153147526156,0.3576891212849132,1.5583778485967783,85918
spreads,soy lactosefree,0.02047887413316976,0.2632237583860418,1.5506862880878403,65837
soy lactosefree,spreads,0.02047887413316976,0.12064378044176986,1.5506862880878403,65837
bread,crackers,0.029048727881714805,0.17716346473064468,1.5452896315083866,93388
crackers,bread,0.029048727881714805,0.25337446449452894,1.5452896315083864,93388
hot dogs bacon sausage,chips pretzels,0.021706916040877496,0.2582114458878944,1.5428197718573644,69785
chips pretzels,hot dogs bacon sausage,0.021706916040877496,0.12969935991316825,1.5428197718573642,69785
packaged vegetables fruits,fresh herbs,0.05244342391023723,0.14297222879423493,1.530268943923497,168599
fresh herbs,packaged vegetables fruits,0.05244342391023723,0.5613156037341359,1.530268943923497,168599
soy lactosefree,cereal,0.024017426499452234,0.1414898646543794,1.5299743603106666,77213
cereal,soy lactosefree,0.024017426499452234,0.259707978621425,1.5299743603106664,77213
chips pretzels,soft drinks,0.02213337132341734,0.13224744076780684,1.5286225924775367,71156
soft drinks,chips pretzels,0.02213337132341734,0.2558353587505213,1.5286225924775365,71156
ice cream ice,chips pretzels,0.02805708715178262,0.25569212626995647,1.5277667748656265,90200
chips pretzels,ice cream ice,0.02805708715178262,0.16764178926943865,1.5277667748656265,90200
cream,milk,0.03419760774450258,0.3726409338648011,1.5241901578749633,109941
milk,cream,0.03419760774450258,0.13987635927820688,1.524190157874963,109941
milk,butter,0.027786781068247154,0.11365455153838422,1.521151121020185,89331
butter,milk,0.027786781068247154,0.37189793632885515,1.5211511210201847,89331
yogurt,energy granola bars,0.034538834181370714,0.13108309594950188,1.5150606577274894,111038
energy granola bars,yogurt,0.034538834181370714,0.3992004342964792,1.5150606577274892,111038
dry pasta,fresh vegetables,0.047496107156921236,0.6723261107906637,1.514007284166584,152694
fresh vegetables,dry pasta,0.047496107156921236,0.10695620927256413,1.5140072841665837,152694
fresh dips tapenades,packaged cheese,0.03402528372807146,0.34735956304976023,1.5133740903565867,109387
packaged cheese,fresh dips tapenades,0.03402528372807146,0.14824115495481088,1.5133740903565864,109387
fresh vegetables,packaged poultry,0.02396548045117787,0.05396772695465425,1.5128082714310875,77046
packaged poultry,fresh vegetables,0.02396548045117787,0.67179366449554,1.5128082714310873,77046
poultry counter,packaged vegetables fruits,0.021350447949126466,0.5523732114403438,1.5058900292442388,68639
packaged vegetables fruits,poultry counter,0.021350447949126466,0.05820598468678635,1.5058900292442388,68639
cereal,yogurt,0.03668479697804642,0.39668423548722365,1.5055110843918735,117937
yogurt,cereal,0.03668479697804642,0.1392275355013275,1.5055110843918733,117937
soup broth bouillon,fresh vegetables,0.055649459356727514,0.6681480706891143,1.5045987798027611,178906
fresh vegetables,soup broth bouillon,0.055649459356727514,0.12531669598096426,1.5045987798027611,178906
pickled goods olives,fresh vegetables,0.021186211341408714,0.6650490650783577,1.497620146974057,68111
fresh vegetables,pickled goods olives,0.021186211341408714,0.04770910690507561,1.497620146974057,68111
chips pretzels,other creams cheeses,0.021654658938421847,0.12938712243426287,1.4953026667939049,69617
other creams cheeses,chips pretzels,0.021654658938421847,0.2502588252210799,1.4953026667939047,69617
packaged vegetables fruits,frozen produce,0.06732207856357668,0.1835346913231624,1.4909699154068687,216432
frozen produce,packaged vegetables fruits,0.06732207856357668,0.546900387372613,1.4909699154068685,216432
packaged vegetables fruits,fresh dips tapenades,0.05355233206651334,0.1459953546470066,1.4904470158948293,172164
fresh dips tapenades,packaged vegetables fruits,0.05355233206651334,0.5467085834047823,1.4904470158948293,172164
yogurt,instant foods,0.02021354491653483,0.07671521377530602,1.4898408622073878,64984
instant foods,yogurt,0.02021354491653483,0.3925553186219728,1.4898408622073875,64984
milk,bread,0.059707783259934914,0.2442190519690529,1.4894522602246452,191953
bread,milk,0.059707783259934914,0.364148054840466,1.4894522602246452,191953
yogurt,milk,0.09563143065638031,0.3629440395900746,1.4845275511339266,307443
milk,yogurt,0.09563143065638031,0.39115532445193113,1.4845275511339264,307443
fresh vegetables,asian foods,0.028238742793652256,0.06359066173261858,1.4763277755494846,90784
asian foods,fresh vegetables,0.028238742793652256,0.6555937490973165,1.4763277755494846,90784
packaged cheese,condiments,0.02022101021688564,0.08809877774600589,1.4757220045820896,65008
condiments,packaged cheese,0.02022101021688564,0.3387174089743857,1.4757220045820894,65008
frozen breakfast,milk,0.022184384209147853,0.3604969722702413,1.47451846306659,71320
milk,frozen breakfast,0.022184384209147853,0.09073941426512143,1.4745184630665897,71320
fresh vegetables,pasta sauce,0.04054249093432589,0.0912974010791304,1.4728578575608482,130339
pasta sauce,fresh vegetables,0.04054249093432589,0.6540528605623271,1.472857857560848,130339
soy lactosefree,energy granola bars,0.02162635300792504,0.12740373162499039,1.4725345021379013,69526
energy granola bars,soy lactosefree,0.02162635300792504,0.24995775675801993,1.472534502137901,69526
packaged cheese,soup broth bouillon,0.028113076904413673,0.12248288722440334,1.4705750197288152,90380
soup broth bouillon,packaged cheese,0.028113076904413673,0.33753603919869735,1.470575019728815,90380
yogurt,breakfast bakery,0.02657522503214745,0.1008593038918356,1.4680512776234143,85436
breakfast bakery,yogurt,0.02657522503214745,0.3868140226648134,1.4680512776234143,85436
soy lactosefree,fresh dips tapenades,0.02437451669956583,0.1435935306772412,1.4659271167713477,78361
fresh dips tapenades,soy lactosefree,0.02437451669956583,0.24883617541519798,1.4659271167713477,78361
packaged vegetables fruits,canned meals beans,0.037347031329999246,0.10181616511609566,1.4620476054861173,120066
canned meals beans,packaged vegetables fruits,0.037347031329999246,0.5362914392403141,1.4620476054861173,120066
packaged vegetables fruits,grains rice dried goods,0.021840980393010738,0.05954328327579642,1.4614762045960663,70216
grains rice dried goods,packaged vegetables fruits,0.021840980393010738,0.5360818445564208,1.461476204596066,70216
juice nectars,chips pretzels,0.021836625634472768,0.243779798800582,1.456590323777669,70202
chips pretzels,juice nectars,0.021836625634472768,0.13047437794116554,1.456590323777669,70202
other creams cheeses,milk,0.030766058016581676,0.3555575526637429,1.4543150606336972,98909
milk,other creams cheeses,0.030766058016581676,0.12584050372334402,1.4543150606336972,98909
yogurt,lunch meat,0.039824888938104576,0.15114493183060415,1.4541686590014145,128032
lunch meat,yogurt,0.039824888938104576,0.3831561180424419,1.4541686590014145,128032
packaged cheese,chips pretzels,0.05576454940380245,0.24295465910646308,1.4516600937088449,179276
chips pretzels,packaged cheese,0.05576454940380245,0.3331945611204865,1.4516600937088449,179276
chips pretzels,bread,0.039808714120677824,0.23785805089470907,1.4506575496929157,127980
bread,chips pretzels,0.039808714120677824,0.24278687000715196,1.4506575496929157,127980
tortillas flat bread,fresh vegetables,0.03620515143050707,0.6438631234234633,1.4499116473744849,116395
fresh vegetables,tortillas flat bread,0.03620515143050707,0.08153017131177454,1.4499116473744849,116395
water seltzer sparkling water,soft drinks,0.023924732353429713,0.12525220614218646,1.447766028249736,76915
soft drinks,water seltzer sparkling water,0.023924732353429713,0.2765413544647865,1.4477660282497358,76915
milk,breakfast bakery,0.024317282730209645,0.09946347713130116,1.44773440867753,78177
breakfast bakery,milk,0.024317282730209645,0.3539486849790149,1.4477344086775297,78177
yogurt,packaged cheese,0.087399070694528,0.3317002742358759,1.4451497934456983,280977
packaged cheese,yogurt,0.087399070694528,0.380779754410834,1.4451497934456983,280977
yogurt,other creams cheeses,0.0328812264493103,0.12479208009623637,1.442198625736242,105709
other creams cheeses,yogurt,0.0328812264493103,0.38000215687684236,1.442198625736242,105709
packaged vegetables fruits,fresh vegetables,0.23445397860071654,0.6391727574384584,1.439349439313945,753740
fresh vegetables,packaged vegetables fruits,0.23445397860071654,0.5279655597279689,1.4393494393139448,753740
packaged cheese,eggs,0.04514329332969193,0.19668003344631177,1.4357111006690995,145130
eggs,packaged cheese,0.04514329332969193,0.32953384346404485,1.4357111006690992,145130
oils vinegars,fresh vegetables,0.043116775338629135,0.636891606897534,1.4342125295914019,138615
fresh vegetables,oils vinegars,0.043116775338629135,0.09709441725487888,1.4342125295914019,138615
packaged vegetables fruits,canned jarred vegetables,0.03871069286074664,0.10553380431344515,1.4341603659329103,124450
canned jarred vegetables,packaged vegetables fruits,0.03871069286074664,0.526062163681632,1.4341603659329103,124450
eggs,milk,0.04799970387641942,0.35038486864512614,1.4331575512071209,154313
milk,eggs,0.04799970387641942,0.19633021920209875,1.4331575512071206,154313
packaged vegetables fruits,pasta sauce,0.032537200524810614,0.08870351573000645,1.431011930153146,104603
pasta sauce,packaged vegetables fruits,0.032537200524810614,0.5249072907832737,1.4310119301531459,104603
fresh dips tapenades,yogurt,0.036844367773044916,0.3761392143787114,1.4275378395767884,118450
yogurt,fresh dips tapenades,0.036844367773044916,0.13983314464614363,1.4275378395767881,118450
lunch meat,milk,0.03624247793226111,0.34868966425358594,1.4262237615604112,116515
milk,lunch meat,0.03624247793226111,0.1482403652986627,1.426223761560411,116515
fresh dips tapenades,bread,0.022897320392649915,0.23375567622495316,1.4256378340937799,73612
bread,fresh dips tapenades,0.022897320392649915,0.13964703137182738,1.4256378340937796,73612
frozen produce,fresh vegetables,0.07790538602757059,0.6328753761911139,1.4251684028695308,250456
fresh vegetables,frozen produce,0.07790538602757059,0.17543468865554193,1.4251684028695306,250456
cereal,packaged cheese,0.03022606795787331,0.3268439693649998,1.4239918730996173,97173
packaged cheese,cereal,0.03022606795787331,0.131688754151991,1.423991873099617,97173
packaged cheese,frozen meals,0.02415708982684858,0.10524746611663656,1.4234458226621283,77662
frozen meals,packaged cheese,0.02415708982684858,0.32671863628141,1.4234458226621283,77662
refrigerated,chips pretzels,0.031749922391981766,0.23764755186142347,1.4199499967344085,102072
chips pretzels,refrigerated,0.031749922391981766,0.18970657111208583,1.4199499967344085,102072
crackers,yogurt,0.04280852064497707,0.37339280530255553,1.417114563488318,137624
yogurt,crackers,0.04280852064497707,0.1624685242615523,1.4171145634883178,137624
dry pasta,yogurt,0.026308340544606103,0.3724049261821208,1.4133653271113618,84578
yogurt,dry pasta,0.026308340544606103,0.09984641374319575,1.4133653271113615,84578
yogurt,bread,0.06102167612167693,0.23159178402065447,1.4124406076342177,196177
bread,yogurt,0.06102167612167693,0.3721612736161357,1.4124406076342175,196177
packaged cheese,fresh herbs,0.03023726590839952,0.13173754131663004,1.4100211623322358,97209
fresh herbs,packaged cheese,0.03023726590839952,0.3236373200516706,1.4100211623322358,97209
yogurt,spreads,0.028889779195078874,0.10964358780329155,1.4092960910271115,92877
spreads,yogurt,0.028889779195078874,0.3713327309509911,1.4092960910271115,92877
packaged vegetables fruits,dry pasta,0.03648914389801902,0.09947737658820108,1.4081414607777465,117308
dry pasta,packaged vegetables fruits,0.03648914389801902,0.5165182089972833,1.4081414607777465,117308
yogurt,tortillas flat bread,0.02084405174199673,0.07910813723835147,1.4068388148648492,67011
tortillas flat bread,yogurt,0.02084405174199673,0.3706852679559233,1.4068388148648487,67011
yogurt,pasta sauce,0.022942734303117322,0.0870731370435649,1.4047098007306023,73758
pasta sauce,yogurt,0.022942734303117322,0.37012429809463115,1.4047098007306023,73758
spreads,packaged cheese,0.024991959249413817,0.3212323783174342,1.3995433264049455,80346
packaged cheese,spreads,0.024991959249413817,0.10888482028028226,1.3995433264049455,80346
dry pasta,milk,0.024111053808018604,0.3413014666707762,1.3960042740678218,77514
milk,dry pasta,0.024111053808018604,0.09861995172948153,1.3960042740678216,77514
lunch meat,packaged vegetables fruits,0.05320768403365109,0.5119122791791735,1.3955846900205184,171056
packaged vegetables fruits,lunch meat,0.05320768403365109,0.14505576882796845,1.3955846900205182,171056
tortillas flat bread,packaged vegetables fruits,0.028742028458969154,0.5111408594061159,1.393481631217974,92402
packaged vegetables fruits,tortillas flat bread,0.028742028458969154,0.07835704769924434,1.393481631217974,92402
packaged cheese,milk,0.07817973581546275,0.3406130107236898,1.39318832529967,251338
milk,packaged cheese,0.07817973581546275,0.3197737367157472,1.39318832529967,251338
refrigerated,ice cream ice,0.020403910075480407,0.15272287024749132,1.3918064698726456,65596
ice cream ice,refrigerated,0.020403910075480407,0.1859465711175617,1.3918064698726456,65596
eggs,fresh vegetables,0.08455945707358982,0.6172611884380463,1.3900069036877007,271848
fresh vegetables,eggs,0.08455945707358982,0.19041895279662602,1.3900069036877005,271848
frozen produce,yogurt,0.04502758117425442,0.36578789770128595,1.3882521291759866,144758
yogurt,frozen produce,0.04502758117425442,0.17089038710583757,1.3882521291759864,144758
frozen produce,eggs,0.023362035339487643,0.18978478456978393,1.3853776469857622,75106
eggs,frozen produce,0.023362035339487643,0.1705365454917009,1.3853776469857622,75106
packaged cheese,cream,0.029132712510661383,0.12692522960459357,1.3830656355915227,93658
cream,packaged cheese,0.029132712510661383,0.31745031047479594,1.3830656355915227,93658
yogurt,eggs,0.049736630424707155,0.18876234976348188,1.3779141491644695,159897
eggs,yogurt,0.049736630424707155,0.3630639631252696,1.3779141491644695,159897
packaged vegetables fruits,eggs,0.06914236763244842,0.18849719693057326,1.3759786051292653,222284
eggs,packaged vegetables fruits,0.06914236763244842,0.5047206012579187,1.3759786051292653,222284
fresh vegetables,condiments,0.036367832767318406,0.08189651247416174,1.3718293107889492,116918
condiments,fresh vegetables,0.036367832767318406,0.6091890540005419,1.3718293107889492,116918
water seltzer sparkling water,energy granola bars,0.02265220969779842,0.11859021855422981,1.3706677678106893,72824
energy granola bars,water seltzer sparkling water,0.02265220969779842,0.2618146258686828,1.370667767810689,72824
packaged cheese,frozen produce,0.038656569433203294,0.16841871313011672,1.3681731375045696,124276
frozen produce,packaged cheese,0.038656569433203294,0.3140320864803673,1.3681731375045694,124276
packaged vegetables fruits,baby food formula,0.023100749827209402,0.06297768992480769,1.3644320155223213,74266
baby food formula,packaged vegetables fruits,0.023100749827209402,0.5004852144378251,1.364432015522321,74266
yogurt,canned meals beans,0.02494499006803999,0.09467217420766137,1.359462178217459,80195
canned meals beans,yogurt,0.02494499006803999,0.3582020886002448,1.359462178217459,80195
soup broth bouillon,packaged vegetables fruits,0.041284355156687325,0.4956752961563168,1.351319127656677,132724
packaged vegetables fruits,soup broth bouillon,0.041284355156687325,0.11255016989712892,1.351319127656677,132724
fresh vegetables,butter,0.04483317231095216,0.10095956167945358,1.3512415327646685,144133
butter,fresh vegetables,0.04483317231095216,0.6000466272278031,1.3512415327646685,144133
packaged cheese,energy granola bars,0.026820646781180228,0.11685203530564481,1.350577816190485,86225
energy granola bars,packaged cheese,0.026820646781180228,0.3099934927431503,1.350577816190485,86225
fresh vegetables,other creams cheeses,0.05177683479974643,0.1165959551172537,1.347477549110741,166456
other creams cheeses,fresh vegetables,0.05177683479974643,0.5983751527787763,1.3474775491107407,166456
packaged vegetables fruits,packaged cheese,0.11341564241709007,0.3091958146030971,1.3471024967865752,364617
packaged cheese,packaged vegetables fruits,0.11341564241709007,0.4941286002555905,1.3471024967865752,364617
asian foods,packaged vegetables fruits,0.02126304172418577,0.49364510817759033,1.345784391772792,68358
packaged vegetables fruits,asian foods,0.02126304172418577,0.05796769622545989,1.3457843917727919,68358
fresh herbs,fresh fruits,0.06992622416928315,0.7484385612123956,1.3436311348794119,224804
fresh fruits,fresh herbs,0.06992622416928315,0.1255347557001984,1.3436311348794119,224804
soy lactosefree,fresh herbs,0.021251221665296992,0.12519378282397006,1.339981613517026,68320
fresh herbs,soy lactosefree,0.021251221665296992,0.22745735174654752,1.3399816135170257,68320
pasta sauce,milk,0.020276688915335406,0.32711424685993007,1.3379751665861788,65187
milk,pasta sauce,0.020276688915335406,0.08293648622687144,1.3379751665861788,65187
crackers,refrigerated,0.020431282843433367,0.1782097092330775,1.3338962090777415,65684
refrigerated,crackers,0.020431282843433367,0.15292775488347185,1.3338962090777413,65684
hot dogs bacon sausage,milk,0.027376189548952774,0.32564945997047323,1.3319838393931644,88011
milk,hot dogs bacon sausage,0.027376189548952774,0.1119751344487886,1.3319838393931642,88011
refrigerated,yogurt,0.046867155602365755,0.35079974855067403,1.3313685359748355,150672
yogurt,refrigerated,0.046867155602365755,0.17787200987863025,1.3313685359748353,150672
yogurt,nuts seeds dried fruit,0.028274825078681155,0.10730969057268432,1.3304607197488918,90900
nuts seeds dried fruit,yogurt,0.028274825078681155,0.3505605497900108,1.3304607197488918,90900
fresh fruits,baby food formula,0.03415343805076031,0.061313813994084115,1.328383605483039,109799
baby food formula,fresh fruits,0.03415343805076031,0.7399452785939564,1.328383605483039,109799
soy lactosefree,refrigerated,0.03011160001916094,0.1773914541316514,1.3277715855510666,96805
refrigerated,soy lactosefree,0.03011160001916094,0.22538474075108844,1.3277715855510666,96805
packaged cheese,nuts seeds dried fruit,0.0245042262931611,0.10675986822044752,1.3236438419945429,78778
nuts seeds dried fruit,packaged cheese,0.0245042262931611,0.3038114300479369,1.3236438419945429,78778
packaged cheese,fresh vegetables,0.13487247089621554,0.5876115836991241,1.3232391300925366,433598
fresh vegetables,packaged cheese,0.13487247089621554,0.30371853791350845,1.3232391300925364,433598
refrigerated,bread,0.028979362799288557,0.21690996717189356,1.3228985956033041,93165
bread,refrigerated,0.028979362799288557,0.17674041837956173,1.322898595603304,93165
fresh fruits,packaged vegetables fruits,0.2702696901962565,0.48520050860774494,1.3227625687918567,868883
packaged vegetables fruits,fresh fruits,0.2702696901962565,0.7368142104723114,1.3227625687918565,868883
yogurt,packaged vegetables fruits,0.12773315532739385,0.4847777249165074,1.3216099681009188,410646
packaged vegetables fruits,yogurt,0.12773315532739385,0.34822848217034147,1.3216099681009188,410646
fresh dips tapenades,fresh vegetables,0.05737456584612648,0.5857292559778985,1.3190003271732615,184452
fresh vegetables,fresh dips tapenades,0.05737456584612648,0.1292014533167184,1.3190003271732613,184452
soy lactosefree,packaged vegetables fruits,0.08209528584946098,0.4836342846252799,1.318492700105417,263926
packaged vegetables fruits,soy lactosefree,0.08209528584946098,0.223809681295543,1.318492700105417,263926
hot dogs bacon sausage,fresh vegetables,0.04920721620816244,0.5853372455719059,1.3181175612050562,158195
fresh vegetables,hot dogs bacon sausage,0.04920721620816244,0.11080944585820846,1.318117561205056,158195
packaged vegetables fruits,hot cereal pancake mixes,0.02184813463918026,0.05956278731355624,1.3179267987795904,70239
hot cereal pancake mixes,packaged vegetables fruits,0.02184813463918026,0.483426707228103,1.3179267987795902,70239
yogurt,frozen meals,0.025623088183238284,0.09724571794196776,1.31522416722955,82375
frozen meals,yogurt,0.025623088183238284,0.3465458997151908,1.3152241672295497,82375
packaged vegetables fruits,frozen breakfast,0.02966337094393124,0.0808688285620521,1.3141211210919979,95364
frozen breakfast,packaged vegetables fruits,0.02966337094393124,0.4820307524338095,1.3141211210919979,95364
water seltzer sparkling water,juice nectars,0.022441314962888127,0.11748612967996079,1.3115920717176064,72146
juice nectars,water seltzer sparkling water,0.022441314962888127,0.25053043167241373,1.3115920717176064,72146
spices seasonings,packaged vegetables fruits,0.025003157199940028,0.48019929148769663,1.3091281585069552,80382
packaged vegetables fruits,spices seasonings,0.025003157199940028,0.06816406796563558,1.309128158506955,80382
bread,ice cream ice,0.023523783513755128,0.14346772801344643,1.3074617556850412,75626
ice cream ice,bread,0.023523783513755128,0.21437885522496372,1.307461755685041,75626
eggs,soy lactosefree,0.030393104053222614,0.2218614472877546,1.307015393572041,97710
soy lactosefree,eggs,0.030393104053222614,0.1790498319632628,1.3070153935720408,97710
fresh fruits,poultry counter,0.02811027741678212,0.05046485564039176,1.3056135609603003,90371
poultry counter,fresh fruits,0.02811027741678212,0.7272617533920265,1.3056135609603001,90371
fresh fruits,granola,0.020386491041328524,0.0365987610922893,1.30442462353868,65540
granola,fresh fruits,0.020386491041328524,0.7265994833760158,1.3044246235386798,65540
frozen produce,fresh fruits,0.08940008224272553,0.7262541598967006,1.3038046830352656,287410
fresh fruits,frozen produce,0.08940008224272553,0.16049511634932664,1.3038046830352656,287410
oils vinegars,packaged vegetables fruits,0.03232786106080674,0.4775251214144264,1.3018377867683613,103930
packaged vegetables fruits,oils vinegars,0.03232786106080674,0.08813281062512136,1.301837786768361,103930
packaged vegetables fruits,nuts seeds dried fruit,0.038504774992736884,0.1049724272266191,1.3014825626313633,123788
nuts seeds dried fruit,packaged vegetables fruits,0.038504774992736884,0.47739482219368373,1.3014825626313633,123788
frozen produce,bread,0.026253906062881468,0.213277303704677,1.3007435722001062,84403
bread,frozen produce,0.026253906062881468,0.1601183012127961,1.3007435722001062,84403
packaged vegetables fruits,hot dogs bacon sausage,0.0401035934845347,0.10933115566511736,1.3005327763613166,128928
hot dogs bacon sausage,packaged vegetables fruits,0.0401035934845347,0.47704643254903556,1.3005327763613166,128928
lunch meat,fresh vegetables,0.0599435623293479,0.5767183099856054,1.298708629958766,192711
fresh vegetables,lunch meat,0.0599435623293479,0.13498656165353654,1.298708629958766,192711
yogurt,butter,0.02556087734698156,0.09700961301221489,1.298375468345655,82175
butter,yogurt,0.02556087734698156,0.3421064682789141,1.298375468345655,82175
packaged vegetables fruits,other creams cheeses,0.04100222901426308,0.11178103240807874,1.2918323919113155,131817
other creams cheeses,packaged vegetables fruits,0.04100222901426308,0.47385505787619525,1.2918323919113155,131817
packaged vegetables fruits,frozen appetizers sides,0.02449831626371671,0.06678776130110588,1.2916229777252308,78759
frozen appetizers sides,packaged vegetables fruits,0.02449831626371671,0.47377824297985993,1.2916229777252306,78759
milk,crackers,0.03619177610071188,0.14803298273381113,1.291202075369267,116352
crackers,milk,0.03619177610071188,0.31567894903914245,1.291202075369267,116352
yogurt,soy lactosefree,0.057722635474982846,0.2190711395958592,1.2905773185901372,185571
soy lactosefree,yogurt,0.057722635474982846,0.34005174871819305,1.2905773185901372,185571
packaged cheese,baking ingredients,0.022717842130049265,0.0989769602614992,1.2895424012827685,73035
baking ingredients,packaged cheese,0.022717842130049265,0.2959842433526644,1.2895424012827683,73035
yogurt,cream,0.031181626402776594,0.11834169341538767,1.289533451547971,100245
cream,yogurt,0.031181626402776594,0.3397767021882372,1.289533451547971,100245
packaged vegetables fruits,fruit vegetable snacks,0.02180925286651981,0.05945678710833984,1.2884804785853519,70114
fruit vegetable snacks,packaged vegetables fruits,0.02180925286651981,0.47262554769127063,1.2884804785853519,70114
yogurt,juice nectars,0.03032653845842792,0.11509643115593432,1.284913946849195,97496
juice nectars,yogurt,0.03032653845842792,0.3385595177325652,1.2849139468491948,97496
fresh fruits,fresh vegetables,0.3177617536488211,0.5704604329643489,1.2846165528528228,1021564
fresh vegetables,fresh fruits,0.3177617536488211,0.7155658570036655,1.2846165528528226,1021564
packaged vegetables fruits,instant foods,0.02424729553942083,0.06610342397622881,1.2837555593608512,77952
instant foods,packaged vegetables fruits,0.02424729553942083,0.47089240731903276,1.2837555593608512,77952
tofu meat alternatives,fresh fruits,0.023586927512555703,0.715030645921735,1.2836557174406957,75829
fresh fruits,tofu meat alternatives,0.023586927512555703,0.042344331017198734,1.2836557174406955,75829
yogurt,fresh fruits,0.1880708233044281,0.7137735352345289,1.2813988948411443,604624
fresh fruits,yogurt,0.1880708233044281,0.3376333434034838,1.2813988948411443,604624
fresh vegetables,baking ingredients,0.04366298648096317,0.09832442697027453,1.2810407323584085,140371
baking ingredients,fresh vegetables,0.04366298648096317,0.5688725162409373,1.2810407323584085,140371
bread,packaged vegetables fruits,0.07690130313038707,0.4690085349127064,1.2786197116870333,247228
packaged vegetables fruits,bread,0.07690130313038707,0.20964974988191576,1.278619711687033,247228
hot dogs bacon sausage,yogurt,0.028318372664060863,0.33685706145495314,1.2784527200916218,91040
yogurt,hot dogs bacon sausage,0.028318372664060863,0.10747496402351132,1.2784527200916216,91040
eggs,crackers,0.020052418850629916,0.14637723939056788,1.276760028728088,64466
crackers,eggs,0.020052418850629916,0.17490510802356088,1.276760028728088,64466
packaged cheese,ice cream ice,0.03215118228583764,0.14007608087285658,1.2765527213920875,103362
ice cream ice,packaged cheese,0.03215118228583764,0.2930027666908563,1.2765527213920873,103362
yogurt,chips pretzels,0.05618758309034817,0.21324525045420686,1.2741456426306712,180636
chips pretzels,yogurt,0.05618758309034817,0.3357221978544825,1.274145642630671,180636
packaged vegetables fruits,condiments,0.027900315844415675,0.07606235525671978,1.2741027088513774,89696
condiments,packaged vegetables fruits,0.027900315844415675,0.46735166003209605,1.2741027088513772,89696
spreads,milk,0.02421992277146787,0.3113090621226781,1.273328197263546,77864
milk,spreads,0.02421992277146787,0.09906525171535915,1.2733281972635457,77864
juice nectars,packaged cheese,0.026152813453964294,0.29196487170672253,1.272030826662291,84078
packaged cheese,juice nectars,0.026152813453964294,0.1139424230145318,1.2720308266622908,84078
fresh fruits,canned meals beans,0.04932479468868765,0.08855012729154091,1.271551540214333,158573
canned meals beans,fresh fruits,0.04932479468868765,0.7082882947266864,1.271551540214333,158573
fresh fruits,fresh dips tapenades,0.06937970197276783,0.12455361405785553,1.2715511588728026,223047
fresh dips tapenades,fresh fruits,0.06937970197276783,0.7082880823092312,1.2715511588728026,223047
grains rice dried goods,fresh fruits,0.028833789442447823,0.7077187356848373,1.2705290417736583,92697
fresh fruits,grains rice dried goods,0.028833789442447823,0.0517637375186442,1.2705290417736583,92697
packaged vegetables fruits,spreads,0.03623345736100388,0.09878031923869805,1.269665837853294,116486
spreads,packaged vegetables fruits,0.03623345736100388,0.4657241781878953,1.2696658378532937,116486
soy lactosefree,bread,0.03532953391019368,0.20813099902146545,1.2693570973104016,113580
bread,soy lactosefree,0.03532953391019368,0.21546907872645973,1.2693570973104016,113580
fresh vegetables,baby food formula,0.02582869499706676,0.058163489024825044,1.2601307963932082,83036
baby food formula,fresh vegetables,0.02582869499706676,0.5595870286006954,1.2601307963932082,83036
milk,juice nectars,0.027556289919915992,0.11271178785399759,1.2582922574871,88590
juice nectars,milk,0.027556289919915992,0.3076330072610974,1.2582922574870998,88590
yogurt,canned jarred vegetables,0.02439504627553055,0.0925850066286459,1.258191608369065,78427
canned jarred vegetables,yogurt,0.02439504627553055,0.33151849988798193,1.258191608369065,78427
water seltzer sparkling water,chips pretzels,0.04015771691207805,0.21023610891722752,1.2561659475648506,129102
chips pretzels,water seltzer sparkling water,0.04015771691207805,0.23994335120025573,1.2561659475648503,129102
fresh fruits,hot cereal pancake mixes,0.031617724364936234,0.05676158481458545,1.2559454844605118,101647
hot cereal pancake mixes,fresh fruits,0.031617724364936234,0.699595303316035,1.2559454844605116,101647
soy lactosefree,fresh vegetables,0.09457042484402188,0.5571269932602059,1.2545910570241268,304032
fresh vegetables,soy lactosefree,0.09457042484402188,0.21296259327515304,1.2545910570241268,304032
fresh fruits,eggs,0.09556579822412947,0.17156409166777886,1.2523715120827386,307232
eggs,fresh fruits,0.09556579822412947,0.6976045048931677,1.2523715120827386,307232
soy lactosefree,crackers,0.024345588660706453,0.1434231117398491,1.250992961936137,78268
crackers,soy lactosefree,0.024345588660706453,0.21235182879018497,1.250992961936137,78268
tortillas flat bread,fresh fruits,0.039162965640333024,0.6964641324069567,1.250324263240628,125904
fresh fruits,tortillas flat bread,0.039162965640333024,0.07030714703331693,1.250324263240628,125904
fresh vegetables,bread,0.091028139827564,0.20498574211403367,1.250174687207708,292644
bread,fresh vegetables,0.091028139827564,0.5551658133018673,1.250174687207708,292644
refrigerated,water seltzer sparkling water,0.031884919906658864,0.23865800563432749,1.2494368287011859,102506
water seltzer sparkling water,refrigerated,0.031884919906658864,0.1669258615720076,1.2494368287011857,102506
hot cereal pancake mixes,fresh vegetables,0.025049504272951287,0.5542623921152973,1.248140278257669,80531
fresh vegetables,hot cereal pancake mixes,0.025049504272951287,0.05640883393537966,1.248140278257669,80531
lunch meat,fresh fruits,0.07216208162434982,0.6942729484574339,1.2463905496007834,231992
fresh fruits,lunch meat,0.07216208162434982,0.12954866926033534,1.2463905496007832,231992
crackers,water seltzer sparkling water,0.027294693353456464,0.238075083361143,1.2463850787527562,87749
water seltzer sparkling water,crackers,0.027294693353456464,0.14289482983515203,1.246385078752756,87749
soy lactosefree,fresh fruits,0.11762762708585157,0.6929600486701826,1.2440335718573199,378158
fresh fruits,soy lactosefree,0.11762762708585157,0.21117049583670944,1.2440335718573199,378158
refrigerated,eggs,0.022747392277271208,0.17026378896882494,1.2428796537257603,73130
eggs,refrigerated,0.022747392277271208,0.16604981721577622,1.2428796537257603,73130
yogurt,soup broth bouillon,0.027269809018953775,0.10349541543252652,1.2426043836857392,87669
soup broth bouillon,yogurt,0.027269809018953775,0.32741145187553217,1.242604383685739,87669
crackers,packaged vegetables fruits,0.05222444176661356,0.45552218396698657,1.2418529731859185,167895
packaged vegetables fruits,crackers,0.05222444176661356,0.1423752356384562,1.2418529731859183,167895
fruit vegetable snacks,fresh fruits,0.03177760621411601,0.6886484664644422,1.2362932222916314,102161
fresh fruits,fruit vegetable snacks,0.03177760621411601,0.05704861202241939,1.2362932222916314,102161
instant foods,fresh vegetables,0.02822474535549449,0.5481361112956911,1.2343445418778547,90739
fresh vegetables,instant foods,0.02822474535549449,0.06355914098250878,1.2343445418778547,90739
milk,baking ingredients,0.02315736168820302,0.0947191238531935,1.2340682730439412,74448
baking ingredients,milk,0.02315736168820302,0.3017106175000912,1.2340682730439412,74448
packaged vegetables fruits,butter,0.0338156332098863,0.09218880247752159,1.2338537993951773,108713
butter,packaged vegetables fruits,0.0338156332098863,0.4525880193003418,1.2338537993951773,108713
yogurt,fresh vegetables,0.1440420371062754,0.5466738127758739,1.2310516002902885,463077
fresh vegetables,yogurt,0.1440420371062754,0.32436743107987986,1.2310516002902883,463077
refrigerated,milk,0.04020966296035241,0.300968545551908,1.2310330220635262,129269
milk,refrigerated,0.04020966296035241,0.1644670967840435,1.231033022063526,129269
dry pasta,fresh fruits,0.048426781267321826,0.6855001695191381,1.230641255628257,155686
fresh fruits,dry pasta,0.048426781267321826,0.08693797252691718,1.2306412556282569,155686
bread,fresh fruits,0.11236801193452682,0.6853142209971373,1.2303074323372174,361249
fresh fruits,bread,0.11236801193452682,0.20172819416888033,1.2303074323372172,361249
spreads,fresh fruits,0.05327891544116504,0.6848167664862185,1.2294143792481647,171285
fresh fruits,spreads,0.05327891544116504,0.09564874570785432,1.2294143792481647,171285
frozen breakfast,fresh fruits,0.04209402919056859,0.6840293573529858,1.2280007863600777,135327
fresh fruits,frozen breakfast,0.04209402919056859,0.07556912637070848,1.2280007863600777,135327
fresh fruits,energy granola bars,0.05914042043327359,0.10617158754525285,1.227133018892462,190129
energy granola bars,fresh fruits,0.05914042043327359,0.6835459876110458,1.227133018892462,190129
lunch meat,soy lactosefree,0.021602712890147483,0.20784016806772987,1.2244141665351722,69450
soy lactosefree,lunch meat,0.021602712890147483,0.12726446453636886,1.224414166535172,69450
pasta sauce,fresh fruits,0.04223680305977777,0.6813863979646626,1.2232560247905773,135786
fresh fruits,pasta sauce,0.04223680305977777,0.0758254405504668,1.2232560247905773,135786
nuts seeds dried fruit,fresh fruits,0.054928435764512076,0.6810207521047131,1.2225996006200053,176588
fresh fruits,nuts seeds dried fruit,0.054928435764512076,0.09861004003303606,1.2225996006200053,176588
refrigerated,packaged cheese,0.03748296200722019,0.2805592419268469,1.2223388462788674,120503
packaged cheese,refrigerated,0.03748296200722019,0.16330554723613935,1.2223388462788671,120503
yogurt,ice cream ice,0.035288785812445524,0.13392934087767286,1.2205357510453547,113449
ice cream ice,yogurt,0.035288785812445524,0.3215966300798258,1.2205357510453545,113449
packaged vegetables fruits,energy granola bars,0.0386867416887878,0.10546850818703185,1.2190068156838403,124373
energy granola bars,packaged vegetables fruits,0.0386867416887878,0.44714201998195224,1.21900681568384,124373
soy lactosefree,chips pretzels,0.034561852190785704,0.20360848356465108,1.216565722256258,111112
chips pretzels,soy lactosefree,0.034561852190785704,0.2065079211674708,1.2165657222562578,111112
packaged cheese,fresh fruits,0.1549768357951198,0.6752021618134731,1.2121538012163073,498231
fresh fruits,packaged cheese,0.1549768357951198,0.2782215034753187,1.2121538012163071,498231
canned jarred vegetables,fresh fruits,0.04966913166736861,0.6749827745816231,1.2117599472240288,159680
fresh fruits,canned jarred vegetables,0.04966913166736861,0.08916829678389923,1.2117599472240286,159680
milk,energy granola bars,0.025608468636717955,0.10474473496380983,1.2106414324307415,82328
energy granola bars,milk,0.025608468636717955,0.2959831170838861,1.2106414324307415,82328
frozen appetizers sides,fresh vegetables,0.027787403176609722,0.5373866069924685,1.2101377952484258,89333
fresh vegetables,frozen appetizers sides,0.027787403176609722,0.062574292656856,1.2101377952484258,89333
packaged vegetables fruits,breakfast bakery,0.030489841903601822,0.08312196892413183,1.2098766099804836,98021
breakfast bakery,packaged vegetables fruits,0.030489841903601822,0.44379298323455774,1.2098766099804836,98021
fresh fruits,milk,0.1644210628472531,0.2951762118104437,1.207340997711016,528593
milk,fresh fruits,0.1644210628472531,0.6725213012428959,1.2073409977110159,528593
packaged poultry,fresh fruits,0.02397263469734739,0.6719942103289823,1.2063947399958883,77069
fresh fruits,packaged poultry,0.02397263469734739,0.04303677019563082,1.206394739995888,77069
packaged vegetables fruits,milk,0.10785492681828276,0.2940360892538688,1.2026776249530111,346740
milk,packaged vegetables fruits,0.10785492681828276,0.4411523345805974,1.202677624953011,346740
milk,frozen produce,0.03605677858603479,0.14748081075132286,1.1980811384745866,115918
frozen produce,milk,0.03605677858603479,0.29291231935877576,1.1980811384745866,115918
eggs,chips pretzels,0.027444932523016455,0.20034059172135055,1.197039987714171,88232
chips pretzels,eggs,0.027444932523016455,0.1639841502308327,1.197039987714171,88232
milk,canned meals beans,0.020358185110831716,0.08326982507344269,1.1957280871760971,65449
canned meals beans,milk,0.020358185110831716,0.29233703468791594,1.1957280871760971,65449
yogurt,fresh herbs,0.029397730673115026,0.1115713845547238,1.1941775424118175,94510
fresh herbs,yogurt,0.029397730673115026,0.31465155611191753,1.1941775424118175,94510
fresh fruits,breakfast bakery,0.0456792396840436,0.08200546021797316,1.1936253374720822,146853
breakfast bakery,fresh fruits,0.0456792396840436,0.6648813108103825,1.193625337472082,146853
water seltzer sparkling water,fresh dips tapenades,0.022327158078357036,0.1168884886521485,1.1932989205394786,71779
fresh dips tapenades,water seltzer sparkling water,0.022327158078357036,0.22793496554571147,1.1932989205394786,71779
refrigerated,packaged vegetables fruits,0.05818268460910132,0.43549626318362783,1.1872579388694293,187050
packaged vegetables fruits,refrigerated,0.05818268460910132,0.1586187070858169,1.187257938869429,187050
frozen produce,chips pretzels,0.024398156817343385,0.1982018633304948,1.1842610327120078,78437
chips pretzels,frozen produce,0.024398156817343385,0.14577959007679556,1.1842610327120076,78437
other creams cheeses,fresh fruits,0.05707004380264981,0.6595477748220576,1.1840503297369054,183473
fresh fruits,other creams cheeses,0.05707004380264981,0.10245475272941096,1.1840503297369054,183473
milk,chips pretzels,0.04841153961243893,0.19801472543439014,1.183142879156958,155637
chips pretzels,milk,0.04841153961243893,0.289260145859508,1.183142879156958,155637
frozen breakfast,fresh vegetables,0.032324128410631335,0.5252681486873099,1.1828483090118993,103918
fresh vegetables,frozen breakfast,0.032324128410631335,0.07279051799799809,1.182848309011899,103918
nuts seeds dried fruit,fresh vegetables,0.042344738860683184,0.5250039529654954,1.182253368192477,136133
fresh vegetables,nuts seeds dried fruit,0.042344738860683184,0.09535587277104518,1.182253368192477,136133
canned jarred vegetables,milk,0.021261797507460635,0.2889389564989496,1.1818291381862602,68354
milk,canned jarred vegetables,0.021261797507460635,0.08696581495622702,1.18182913818626,68354
fresh dips tapenades,milk,0.028271092428505753,0.2886157949890445,1.1805073306550993,90888
milk,fresh dips tapenades,0.028271092428505753,0.1156355003327027,1.180507330655099,90888
fresh fruits,crackers,0.07533296794835505,0.13524118940947782,1.179627007549591,242186
crackers,fresh fruits,0.07533296794835505,0.6570838657865249,1.179627007549591,242186
packaged vegetables fruits,chips pretzels,0.07241745710718367,0.19742580621636083,1.1796240722718563,232813
chips pretzels,packaged vegetables fruits,0.07241745710718367,0.43269609628809114,1.1796240722718563,232813
yogurt,candy chocolate,0.02160489026941647,0.0819957005292292,1.1791121327912275,69457
candy chocolate,yogurt,0.02160489026941647,0.3106820001520824,1.1791121327912275,69457
spreads,fresh vegetables,0.040695218537336146,0.5230731094923197,1.1779053129317112,130830
fresh vegetables,spreads,0.040695218537336146,0.09164132748588395,1.177905312931711,130830
packaged vegetables fruits,frozen meals,0.03185225921762408,0.0868362161149144,1.1744382420340482,102401
frozen meals,packaged vegetables fruits,0.03185225921762408,0.43079388985414574,1.174438242034048,102401
pickled goods olives,fresh fruits,0.02083969698345876,0.6541717521847386,1.1743990480263302,66997
fresh fruits,pickled goods olives,0.02083969698345876,0.037412377126947,1.1743990480263302,66997
soy lactosefree,packaged cheese,0.045747671603926,0.2695056384846275,1.1741805721618113,147073
packaged cheese,soy lactosefree,0.045747671603926,0.1993131851378034,1.174180572161811,147073
packaged vegetables fruits,cereal,0.039788495598894386,0.10847213000204368,1.1729432218823983,127915
cereal,packaged vegetables fruits,0.039788495598894386,0.4302455038058303,1.1729432218823983,127915
fresh fruits,butter,0.04876178662056429,0.08753938945850698,1.1716261126881353,156763
butter,fresh fruits,0.04876178662056429,0.6526271528665337,1.1716261126881353,156763
preserved dips spreads,fresh fruits,0.020671105617203037,0.6507285261055188,1.1682176110931848,66455
fresh fruits,preserved dips spreads,0.020671105617203037,0.0371097141957291,1.1682176110931848,66455
fresh fruits,asian foods,0.028017272216578317,0.05029788845139887,1.1677212934898644,90072
asian foods,fresh fruits,0.028017272216578317,0.6504520638955487,1.1677212934898644,90072
cereal,fresh fruits,0.06010064469089613,0.6498871536828934,1.1667071408399725,193216
fresh fruits,cereal,0.06010064469089613,0.10789542604833337,1.1667071408399723,193216
hot dogs bacon sausage,fresh fruits,0.05459280830290705,0.6494007688806829,1.1658339605982655,175509
fresh fruits,hot dogs bacon sausage,0.05459280830290705,0.09800750626406168,1.1658339605982655,175509
soup broth bouillon,fresh fruits,0.05408796736668373,0.6494002181025081,1.1658329718160965,173886
fresh fruits,soup broth bouillon,0.05408796736668373,0.09710119272648485,1.1658329718160965,173886
packaged vegetables fruits,baking ingredients,0.03280190763308297,0.08942516512711969,1.1650948045733336,105454
baking ingredients,packaged vegetables fruits,0.03280190763308297,0.4273666378929537,1.1650948045733336,105454
instant foods,fresh fruits,0.033383890006264634,0.6483288128016624,1.1639095360193636,107325
fresh fruits,instant foods,0.033383890006264634,0.05993228614937365,1.1639095360193636,107325
refrigerated,fresh fruits,0.08625750184921711,0.6456357244301646,1.159074780606622,277307
fresh fruits,refrigerated,0.08625750184921711,0.154853412301182,1.1590747806066217,277307
water seltzer sparkling water,cream,0.020297218491300124,0.10626122612489232,1.1578962725298851,65253
cream,water seltzer sparkling water,0.020297218491300124,0.22117261856341008,1.1578962725298851,65253
packaged vegetables fruits,juice nectars,0.038033527908092196,0.10368770473939637,1.157549166367549,122273
juice nectars,packaged vegetables fruits,0.038033527908092196,0.42459883391845765,1.157549166367549,122273
packaged produce,fresh fruits,0.03995366536915599,0.6443046610084472,1.1566851946758523,128446
fresh fruits,packaged produce,0.03995366536915599,0.07172664734910271,1.1566851946758523,128446
milk,frozen meals,0.020887288273195154,0.08543398300480796,1.1554733877090277,67150
frozen meals,milk,0.020887288273195154,0.28249538289377923,1.1554733877090277,67150
milk,ice cream ice,0.030977263805673255,0.12670438569594664,1.1546927024556386,99588
ice cream ice,milk,0.030977263805673255,0.2823045174165457,1.1546927024556386,99588
oils vinegars,fresh fruits,0.04352363420774811,0.6429014487026921,1.1541660837687333,139923
fresh fruits,oils vinegars,0.04352363420774811,0.07813561868044547,1.1541660837687333,139923
milk,fresh vegetables,0.1250888837323018,0.5116433223450261,1.1521666412964158,402145
fresh vegetables,milk,0.1250888837323018,0.28168693450898724,1.1521666412964158,402145
fresh fruits,frozen appetizers sides,0.03316086415828427,0.05953189994700606,1.1513003038465266,106608
frozen appetizers sides,fresh fruits,0.03316086415828427,0.6413051324622825,1.1513003038465264,106608
yogurt,baking ingredients,0.0231710480721795,0.08793964213575797,1.1457403519776974,74492
baking ingredients,yogurt,0.0231710480721795,0.3018889334678808,1.1457403519776974,74492
water seltzer sparkling water,lunch meat,0.02268393722428935,0.11875632042027029,1.1425571279295768,72926
lunch meat,water seltzer sparkling water,0.02268393722428935,0.21824265077764243,1.1425571279295768,72926
water seltzer sparkling water,ice cream ice,0.023917889161441476,0.12521638024951107,1.1411320903207396,76893
ice cream ice,water seltzer sparkling water,0.023917889161441476,0.2179704508345428,1.1411320903207394,76893
soup broth bouillon,milk,0.023215528820103058,0.27873425852616485,1.140089493394987,74635
milk,soup broth bouillon,0.023215528820103058,0.09495704127421954,1.140089493394987,74635
fresh fruits,spices seasonings,0.03299165068366598,0.05922812017840361,1.1375084001745899,106064
spices seasonings,fresh fruits,0.03299165068366598,0.6336226723937082,1.1375084001745897,106064
water seltzer sparkling water,soy lactosefree,0.03679179961640798,0.19261465506993378,1.134718637607425,118281
soy lactosefree,water seltzer sparkling water,0.03679179961640798,0.21674540143738294,1.1347186376074248,118281
soy lactosefree,ice cream ice,0.02109662773719903,0.12428304936285307,1.1326263834513133,67823
ice cream ice,soy lactosefree,0.02109662773719903,0.19225950199564587,1.1326263834513133,67823
fresh fruits,chips pretzels,0.10530583780266349,0.1890498561792658,1.1295775637567764,338545
chips pretzels,fresh fruits,0.10530583780266349,0.6292049839049014,1.1295775637567764,338545
fresh fruits,juice nectars,0.0561244390915476,0.10075715990486779,1.124833139537394,180433
juice nectars,fresh fruits,0.0561244390915476,0.6265622124296375,1.1248331395373938,180433
fresh fruits,cream,0.05728684856700449,0.10284397055793287,1.120659477627728,184170
cream,fresh fruits,0.05728684856700449,0.6242373708614659,1.120659477627728,184170
nuts seeds dried fruit,milk,0.022090756900581484,0.27388844538544305,1.1202689636979757,71019
milk,nuts seeds dried fruit,0.022090756900581484,0.09035645627726667,1.1202689636979757,71019
packaged vegetables fruits,cream,0.037694789904674335,0.10276423095155113,1.119790579381684,121184
cream,packaged vegetables fruits,0.037694789904674335,0.41074866455164183,1.1197905793816838,121184
milk,fresh herbs,0.025564298942975683,0.10456407039811091,1.1191764367802282,82186
fresh herbs,milk,0.025564298942975683,0.27362133944147765,1.119176436780228,82186
fresh fruits,condiments,0.03703286660690279,0.06648309582855652,1.1136427764049042,119056
condiments,fresh fruits,0.03703286660690279,0.6203288801817386,1.1136427764049042,119056
fresh vegetables,crackers,0.05666162966262441,0.12759599644445938,1.1129426184308433,182160
crackers,fresh vegetables,0.05666162966262441,0.49422508729519204,1.1129426184308433,182160
refrigerated,fresh vegetables,0.06600600832256567,0.4940536890875649,1.1125566477974325,212201
fresh vegetables,refrigerated,0.06600600832256567,0.1486385487566465,1.1125566477974322,212201
frozen pizza,fresh fruits,0.02666791917816997,0.6192729137623426,1.1117470571942463,85734
fresh fruits,frozen pizza,0.02666791917816997,0.04787546816427114,1.1117470571942463,85734
frozen pizza,fresh vegetables,0.021259309074010364,0.49367609774419796,1.11170635203304,68346
fresh vegetables,frozen pizza,0.021259309074010364,0.04787371526676011,1.11170635203304,68346
yogurt,water seltzer sparkling water,0.055723490251873016,0.21148390767825037,1.107173347185807,179144
water seltzer sparkling water,yogurt,0.055723490251873016,0.2917269871564175,1.107173347185807,179144
fresh fruits,buns rolls,0.02002535713685824,0.035950436990547646,1.106404544945481,64379
buns rolls,fresh fruits,0.02002535713685824,0.6162969912216042,1.106404544945481,64379
fresh vegetables,breakfast bakery,0.03367068196140813,0.07582281415856058,1.1036342201791467,108247
breakfast bakery,fresh vegetables,0.03367068196140813,0.49009150137410523,1.1036342201791467,108247
popcorn jerky,fresh fruits,0.02789907162769054,0.613778048463365,1.1018824237022,89692
fresh fruits,popcorn jerky,0.02789907162769054,0.05008568934833097,1.1018824237021998,89692
fresh vegetables,cream,0.04490191528501584,0.10111436358554837,1.1018124763338426,144354
cream,fresh vegetables,0.04490191528501584,0.4892825185064671,1.1018124763338426,144354
baking ingredients,fresh fruits,0.04704725597332897,0.6129651919125604,1.1004231464462517,151251
fresh fruits,baking ingredients,0.04704725597332897,0.08446138562663791,1.1004231464462515,151251
water seltzer sparkling water,eggs,0.028771267552009816,0.15062508040470232,1.099522387641032,92496
eggs,water seltzer sparkling water,0.028771267552009816,0.21002247905360913,1.099522387641032,92496
soft drinks,packaged cheese,0.02177503690657861,0.251693440524643,1.0965764934133548,70004
packaged cheese,soft drinks,0.02177503690657861,0.09486935203869364,1.0965764934133546,70004
fresh vegetables,fruit vegetable snacks,0.022428250687274214,0.05050604813148496,1.0945101515379818,72104
fruit vegetable snacks,fresh vegetables,0.022428250687274214,0.4860397708122683,1.0945101515379816,72104
packaged vegetables fruits,ice cream ice,0.04384433106865152,0.11952922340857652,1.0893034305164415,140954
ice cream ice,packaged vegetables fruits,0.04384433106865152,0.3995657202467344,1.0893034305164415,140954
juice nectars,fresh vegetables,0.043240263848598734,0.48272581110034624,1.0870474648108752,139012
fresh vegetables,juice nectars,0.043240263848598734,0.09737250031695865,1.0870474648108752,139012
fresh vegetables,chips pretzels,0.0806628813446499,0.181644276427172,1.085329041680968,259321
chips pretzels,fresh vegetables,0.0806628813446499,0.48196270992394785,1.085329041680968,259321
water seltzer sparkling water,packaged cheese,0.04757262648551701,0.24905509208068644,1.0850817525132908,152940
packaged cheese,water seltzer sparkling water,0.04757262648551701,0.20726413777495295,1.0850817525132908,152940
frozen meals,fresh fruits,0.0442701642428288,0.5987429691674064,1.0748907617216812,142323
fresh fruits,frozen meals,0.0442701642428288,0.07947582354192691,1.074890761721681,142323
tea,packaged vegetables fruits,0.02226992410900085,0.393619185327315,1.0730918774247262,71595
packaged vegetables fruits,tea,0.02226992410900085,0.060712677539743715,1.0730918774247262,71595
fresh fruits,tea,0.03366477193196374,0.060436538228506045,1.068211136466912,108228
tea,fresh fruits,0.03366477193196374,0.5950222388379726,1.0682111364669118,108228
packaged produce,packaged vegetables fruits,0.02413998184687798,0.3892885089989767,1.0612855078042238,77607
packaged vegetables fruits,packaged produce,0.02413998184687798,0.06581086340983155,1.0612855078042236,77607
fresh vegetables,cereal,0.043420986327924516,0.09777946822393181,1.0573201106161125,139593
cereal,fresh vegetables,0.043420986327924516,0.4695247673280481,1.0573201106161125,139593
ice cream ice,fresh vegetables,0.05147791173153287,0.4691326877721335,1.0564371889295974,165495
fresh vegetables,ice cream ice,0.05147791173153287,0.11592281198713113,1.0564371889295974,165495
water seltzer sparkling water,bread,0.0329913396294847,0.17271825703775234,1.053380546082623,106063
bread,water seltzer sparkling water,0.0329913396294847,0.20120881226417062,1.053380546082623,106063
fresh vegetables,energy granola bars,0.04046721582245525,0.09112788948965103,1.0532577002964303,130097
energy granola bars,fresh vegetables,0.04046721582245525,0.4677207703729269,1.0532577002964303,130097
frozen meals,fresh vegetables,0.03447164647821346,0.4662204515719196,1.0498791410573345,110822
fresh vegetables,frozen meals,0.03447164647821346,0.07762650152595453,1.0498791410573345,110822
ice cream ice,fresh fruits,0.0641141767919987,0.5842905252177069,1.0489450733615577,206119
fresh fruits,ice cream ice,0.0641141767919987,0.11510070243487303,1.0489450733615577,206119
water seltzer sparkling water,packaged vegetables fruits,0.07322402059925211,0.38334682232474215,1.0450871720878845,235406
packaged vegetables fruits,water seltzer sparkling water,0.07322402059925211,0.1996246744733698,1.0450871720878845,235406
fresh fruits,cookies cakes,0.034326695229735284,0.06162485320568627,1.0440022887386435,110356
cookies cakes,fresh fruits,0.034326695229735284,0.5815372616801745,1.0440022887386435,110356
fresh fruits,candy chocolate,0.04042677877888838,0.07257600218006657,1.0436552668940715,129967
candy chocolate,fresh fruits,0.04042677877888838,0.5813439612100392,1.0436552668940715,129967
packaged vegetables fruits,cookies cakes,0.022403988461134092,0.061078166247329854,1.03474072613755,72026
cookies cakes,packaged vegetables fruits,0.022403988461134092,0.3795516583581885,1.03474072613755,72026
water seltzer sparkling water,fresh fruits,0.10993121347835094,0.5755185390852346,1.033197202670305,353415
fresh fruits,water seltzer sparkling water,0.10993121347835094,0.19735354213352796,1.033197202670305,353415
fresh fruits,coffee,0.032065642385984645,0.05756570773147432,1.031833143270214,103087
coffee,fresh fruits,0.032065642385984645,0.5747587214326734,1.031833143270214,103087
coffee,packaged vegetables fruits,0.021091028761935925,0.3780449048545638,1.0306329869665634,67805
packaged vegetables fruits,coffee,0.021091028761935925,0.05749875131758255,1.0306329869665631,67805
packaged vegetables fruits,candy chocolate,0.026252661846156336,0.07157049056046973,1.0291958386231153,84399
candy chocolate,packaged vegetables fruits,0.026252661846156336,0.37751774667543375,1.0291958386231153,84399
water seltzer sparkling water,frozen produce,0.02402893550415973,0.1257977367806527,1.0219356330622755,77250
frozen produce,water seltzer sparkling water,0.02402893550415973,0.19520244198886652,1.0219356330622755,77250
soy lactosefree,milk,0.04192077201159361,0.24696086228317396,1.0101287364444407,134770
milk,soy lactosefree,0.04192077201159361,0.17146594027636589,1.0101287364444407,134770
water seltzer sparkling water,milk,0.04677383934798067,0.24487323333566743,1.0015898369143135,150372
milk,water seltzer sparkling water,0.04677383934798067,0.19131614136111666,1.0015898369143135,150372
soft drinks,milk,0.020770331901032512,0.24008024966562638,0.9819853923328643,66774
milk,soft drinks,0.020770331901032512,0.084955603591408,0.9819853923328642,66774
tea,fresh vegetables,0.024606563118803413,0.43491909901093523,0.9793918060855231,79107
fresh vegetables,tea,0.024606563118803413,0.055411377309682965,0.9793918060855231,79107
water seltzer sparkling water,fresh vegetables,0.0824859699011532,0.43183553961122395,0.9724479564902233,265182
fresh vegetables,water seltzer sparkling water,0.0824859699011532,0.1857496790136947,0.9724479564902232,265182
packaged vegetables fruits,paper goods,0.022000862242190517,0.05997915611964625,0.9558163248107289,70730
paper goods,packaged vegetables fruits,0.022000862242190517,0.3506015197854654,0.9558163248107288,70730
coffee,fresh vegetables,0.02323792472115548,0.41652681523442076,0.9379743285204253,74707
fresh vegetables,coffee,0.02323792472115548,0.05232934841005834,0.9379743285204252,74707
fresh vegetables,paper goods,0.025891216887504766,0.058304281708648806,0.9291258475248249,83237
paper goods,fresh vegetables,0.025891216887504766,0.41259746504146444,0.9291258475248246,83237
candy chocolate,fresh vegetables,0.028627249466075498,0.41166472090641115,0.9270254063965252,92033
fresh vegetables,candy chocolate,0.028627249466075498,0.06446553766344384,0.9270254063965251,92033
paper goods,fresh fruits,0.03205351127291459,0.5107986061197884,0.9170090190486382,103048
fresh fruits,paper goods,0.03205351127291459,0.05754392940247525,0.9170090190486382,103048
yogurt,soft drinks,0.020635645440536705,0.07831718572367932,0.9052532040046735,66341
soft drinks,yogurt,0.020635645440536705,0.2385234349157954,0.9052532040046735,66341
fresh vegetables,cookies cakes,0.023702328613811927,0.05337513685259006,0.9042417488582445,76200
cookies cakes,fresh vegetables,0.023702328613811927,0.40154716861819295,0.9042417488582445,76200
packaged produce,fresh vegetables,0.022880212412679315,0.3689730933606212,0.8308883769998225,73557
fresh vegetables,packaged produce,0.022880212412679315,0.05152381812947463,0.8308883769998225,73557
soft drinks,fresh fruits,0.039228287018402586,0.4534321832798815,0.8140221931166663,126114
fresh fruits,soft drinks,0.039228287018402586,0.07042441495869656,0.8140221931166663,126114
soft drinks,packaged vegetables fruits,0.024726318978597606,0.2858067392461134,0.7791715999392064,79492
packaged vegetables fruits,soft drinks,0.024726318978597606,0.06740934650449483,0.7791715999392063,79492
fresh vegetables,soft drinks,0.02782504073254504,0.06265904845159569,0.7242638234067825,89454
soft drinks,fresh vegetables,0.02782504073254504,0.3216242647376066,0.7242638234067824,89454
